Activity ID,Activity Date,Activity Name,Activity Type,Activity Description,Elapsed Time,Distance,Relative Effort,Commute,Activity Gear,Filename
1890969337,"Oct 7, 2018, 9:02:48 PM",Afternoon Run,Run,,1552,0.1,,FALSE,,activities/1890969337.gpx
1905449917,"Oct 14, 2018, 9:22:35 PM",Afternoon Walk,Walk,,2678,8.1,117,FALSE,,activities/2040068936.tcx.gz
1951549758,"Nov 7, 2018, 5:10:05 PM",Lunch Walk,Walk,,2019,6.45,112,FALSE,,activities/2087687505.tcx.gz
1972549499,"Nov 18, 2018, 5:26:52 PM",Lunch Walk,Walk,,5209,16.12,279,FALSE,,activities/2109321091.tcx.gz
2006794194,"Dec 8, 2018, 4:04:00 PM",Morning Walk,Walk,,3055,9.69,171,FALSE,,activities/2144971489.tcx.gz
2016883538,"Dec 14, 2018, 3:52:55 PM",Morning Walk,Walk,,3508,11.27,216,FALSE,,activities/2155508980.tcx.gz
2027275634,"Dec 20, 2018, 9:22:26 PM",Afternoon Walk,Walk,,2094,6.19,17,FALSE,,activities/2166448153.tcx.gz
2029834312,"Dec 22, 2018, 2:56:20 PM",Morning Walk,Walk,,2469,8.05,141,FALSE,,activities/2169103902.tcx.gz
2035245592,"Dec 25, 2018, 8:26:48 PM",Afternoon Walk,Walk,,1260,4.23,79,FALSE,,activities/2174823226.tcx.gz
2037033768,"Dec 26, 2018, 7:34:49 PM",Afternoon Walk,Walk,,1949,6.46,130,FALSE,,activities/2176710743.tcx.gz
2040426634,"Dec 28, 2018, 3:04:47 PM",Morning Walk,Walk,,4630,14.49,271,FALSE,,activities/2180263828.tcx.gz
2055403384,"Jan 4, 2019, 5:53:38 PM",Lunch Walk,Walk,,1598,4.83,65,FALSE,,activities/2196171258.tcx.gz
2057886119,"Jan 5, 2019, 5:06:15 PM",Lunch Walk,Walk,,5369,16.1,340,FALSE,,activities/2198785033.tcx.gz
2071521212,"Jan 11, 2019, 5:59:08 PM",Lunch Walk,Walk,,3506,11.29,156,FALSE,,activities/2212942211.tcx.gz
2086948679,"Jan 18, 2019, 2:04:13 PM",Morning Walk,Walk,,2732,8.51,136,FALSE,,activities/2229435532.tcx.gz
2105184087,"Jan 26, 2019, 5:51:01 PM",Lunch Walk,Walk,,6675,21.19,338,FALSE,,activities/2248179431.tcx.gz
2117532413,"Feb 1, 2019, 5:54:45 PM",Lunch Walk,Walk,,856,2.72,37,FALSE,,activities/2261004138.tcx.gz
2121921535,"Feb 3, 2019, 2:23:59 PM",Morning Walk,Walk,,5346,16.11,249,FALSE,,activities/2265580310.tcx.gz
2129189969,"Feb 6, 2019, 10:28:23 PM",Afternoon Walk,Walk,,3466,11.37,172,FALSE,,activities/2273060676.tcx.gz
2134687227,"Feb 9, 2019, 1:45:17 PM",Morning Walk,Walk,,7689,24.15,,FALSE,,activities/2278708267.tcx.gz
2138087141,"Feb 10, 2019, 11:14:16 PM",Afternoon Run,Run,,1839,4.87,53,FALSE,,activities/2282268087.fit.gz
2138098146,"Feb 10, 2019, 11:47:06 PM",Afternoon Activity,Stair-Stepper,,608,0,15,FALSE,,activities/2282279393.fit.gz
2138116531,"Feb 10, 2019, 11:59:00 PM",Afternoon Activity,Elliptical,,1098,0,36,FALSE,,activities/2282299262.fit.gz
2140260364,"Feb 11, 2019, 10:08:22 PM",Afternoon Run,Run,,1403,4.92,70,FALSE,,activities/2284499475.fit.gz
2140260397,"Feb 11, 2019, 10:35:37 PM",Afternoon Activity,Stair-Stepper,,649,0,35,FALSE,,activities/2284499505.fit.gz
2140260434,"Feb 11, 2019, 10:47:29 PM",Afternoon Activity,Elliptical,,579,0,23,FALSE,,activities/2284499537.fit.gz
2147882267,"Feb 13, 2019, 6:19:25 PM",Lunch Run,Run,,3924,12.89,248,FALSE,,activities/2289275644.fit.gz
2154364233,"Feb 16, 2019, 1:50:08 PM",Morning Run,Run,,8000,23.37,268,FALSE,,activities/2296026417.fit.gz
2160119413,"Feb 18, 2019, 5:03:11 PM",Lunch Run,Run,,1405,4.89,30,FALSE,,activities/2302984448.fit.gz
2162912197,"Feb 19, 2019, 10:56:20 PM",Afternoon Run,Run,,619,1.62,3,FALSE,,activities/2305880768.fit.gz
2162912546,"Feb 19, 2019, 11:07:04 PM",Afternoon Run,Run,,1555,5.15,67,FALSE,,activities/2305881145.fit.gz
2163235745,"Feb 20, 2019, 6:15:19 PM",Lunch Run,Run,,3544,13.05,231,FALSE,,activities/2306210985.fit.gz
2167327047,"Feb 22, 2019, 1:24:31 AM",Evening Activity,Yoga,,4196,0,8,FALSE,,activities/2310416825.fit.gz
2167583454,"Feb 22, 2019, 6:00:50 PM",Lunch Run,Run,,3738,11.69,181,FALSE,,activities/2310678909.fit.gz
2167612101,"Feb 22, 2019, 7:04:31 PM",Afternoon Run,Run,,1050,3.23,42,FALSE,,activities/2310708330.fit.gz
2175543099,"Feb 25, 2019, 6:01:49 PM",Lunch Run,Run,,912,2.87,20,FALSE,,activities/2318906420.fit.gz
2175543395,"Feb 25, 2019, 6:17:58 PM",Lunch Run,Run,,1122,4.05,64,FALSE,,activities/2318906672.fit.gz
2177396045,"Feb 26, 2019, 5:04:11 PM",Lunch Run,Run,,4682,14.51,134,FALSE,,activities/2320806448.fit.gz
2181433937,"Feb 27, 2019, 10:29:56 PM",Afternoon Run,Run,,2127,8.07,93,FALSE,,activities/2324936173.fit.gz
2181434162,"Feb 27, 2019, 11:20:32 PM",Afternoon Activity,Elliptical,,1621,0,37,FALSE,,activities/2324936408.fit.gz
2186264290,"Mar 2, 2019, 1:06:57 PM",Morning Run,Run,,9776,28.97,343,FALSE,,activities/2329893038.fit.gz
2191784372,"Mar 4, 2019, 5:10:11 PM",Lunch Run,Run,,2303,8.23,137,FALSE,,activities/2335600469.fit.gz
2194193427,"Mar 5, 2019, 11:30:00 PM",Afternoon Run,Run,,485,1.72,5,FALSE,,activities/2338090136.fit.gz
2194193496,"Mar 5, 2019, 11:52:50 PM",Afternoon Activity,Elliptical,,748,0,10,FALSE,,activities/2338090202.fit.gz
2197643600,"Mar 7, 2019, 4:08:30 PM",Morning Run,Run,,870,3.24,25,FALSE,,activities/2341624410.fit.gz
2197643981,"Mar 7, 2019, 4:31:05 PM",Morning Activity,Elliptical,,1423,0,48,FALSE,,activities/2341624659.fit.gz
2204482690,"Mar 9, 2019, 1:05:36 PM",Morning Run,Run,,4209,12.92,115,FALSE,,activities/2348660028.fit.gz
2209687707,"Mar 12, 2019, 9:37:22 PM",Afternoon Run,Run,,2488,8.05,115,FALSE,,activities/2353998268.fit.gz
2209687809,"Mar 12, 2019, 10:22:03 PM",Afternoon Run,Run,,1046,3.29,57,FALSE,,activities/2353998374.fit.gz
2211728582,"Mar 13, 2019, 9:22:38 PM",Afternoon Run,Run,,5134,16.1,221,FALSE,,activities/2356082334.fit.gz
2215770546,"Mar 15, 2019, 8:04:01 PM",Afternoon Run,Run,,5302,16.1,198,FALSE,,activities/2360222157.fit.gz
2221161583,"Mar 17, 2019, 10:14:08 PM",Afternoon Run,Run,,1447,5.07,58,FALSE,,activities/2365837686.fit.gz
2221185422,"Mar 17, 2019, 10:45:43 PM",Afternoon Activity,Stair-Stepper,,954,0,30,FALSE,,activities/2365862471.fit.gz
2223407970,"Mar 18, 2019, 4:40:29 PM",Lunch Run,Run,,1540,4.85,70,FALSE,,activities/2368156392.fit.gz
2223408055,"Mar 18, 2019, 5:08:29 PM",Lunch Run,Run,,493,1.64,29,FALSE,,activities/2368156490.fit.gz
2223415691,"Mar 18, 2019, 5:22:14 PM",Lunch Run,Run,,487,1.62,26,FALSE,,activities/2368164307.fit.gz
2223415799,"Mar 18, 2019, 5:32:00 PM",Lunch Run,Run,,464,1.62,19,FALSE,,activities/2368164407.fit.gz
2225947506,"Mar 19, 2019, 10:07:30 PM",Afternoon Run,Run,,2542,8.09,148,FALSE,,activities/2370763899.fit.gz
2225947574,"Mar 19, 2019, 10:52:54 PM",Afternoon Run,Run,,253,0.81,9,FALSE,,activities/2370763970.fit.gz
2230524383,"Mar 20, 2019, 10:28:27 PM",Afternoon Run,Run,,1019,3.23,22,FALSE,,activities/2375472979.fit.gz
2230524805,"Mar 20, 2019, 10:45:58 PM",Afternoon Run,Run,,2924,9.66,99,FALSE,,activities/2375473389.fit.gz
2231827014,"Mar 22, 2019, 3:16:04 PM",Lunch Run,Run,,727,2.15,10,FALSE,,activities/2376817007.fit.gz
2231919686,"Mar 22, 2019, 3:28:30 PM",Lunch Run,Run,,2571,7.6,84,FALSE,,activities/2376912749.fit.gz
2231956584,"Mar 22, 2019, 4:11:39 PM",Lunch Run,Run,,994,3.23,42,FALSE,,activities/2376950528.fit.gz
2241767829,"Mar 24, 2019, 10:41:02 PM",Afternoon Run,Run,,1407,5.12,68,FALSE,,activities/2387201476.fit.gz
2241768063,"Mar 25, 2019, 5:15:46 PM",Lunch Run,Run,,1892,6.95,114,FALSE,,activities/2387201740.fit.gz
2250172618,"Mar 27, 2019, 12:17:59 AM",Evening Run,Run,,1432,5.16,70,FALSE,,activities/2395858571.fit.gz
2250172909,"Mar 27, 2019, 8:09:25 PM",Afternoon Run,Run,,2578,8.06,96,FALSE,,activities/2395858937.fit.gz
2250172991,"Mar 27, 2019, 8:55:01 PM",Afternoon Run,Run,,687,1.62,23,FALSE,,activities/2395859005.fit.gz
2250173432,"Mar 29, 2019, 4:52:24 PM",Lunch Run,Run,,3987,12.88,258,FALSE,,activities/2395859467.fit.gz
2257346528,"Mar 31, 2019, 2:05:56 PM",Morning Run,Run,,470,1.83,22,FALSE,,activities/2403415944.fit.gz
2257346628,"Mar 31, 2019, 2:15:43 PM",Morning Run,Run,,488,1.91,21,FALSE,,activities/2403416038.fit.gz
2257346732,"Mar 31, 2019, 2:26:34 PM",Morning Run,Run,,468,1.8,24,FALSE,,activities/2403416150.fit.gz
2258353819,"Apr 1, 2019, 9:44:25 PM",Afternoon Run,Run,,1405,5.16,82,FALSE,,activities/2404453070.fit.gz
2258353977,"Apr 1, 2019, 10:11:51 PM",Afternoon Run,Run,,579,2.13,35,FALSE,,activities/2404453235.fit.gz
2258407176,"Apr 1, 2019, 10:29:15 PM",Afternoon Activity,Elliptical,,1661,0,47,FALSE,,activities/2404508269.fit.gz
2269782535,"Apr 5, 2019, 12:01:13 PM",Morning Run,Run,,1138,3.23,16,FALSE,,activities/2416266253.fit.gz
2269784891,"Apr 6, 2019, 12:08:37 PM",Morning Run,Run,,14085,42.31,823,FALSE,,activities/2416268652.fit.gz
2269792651,"Apr 3, 2019, 12:03:03 AM",Evening Run,Run,,631,2.3,16,FALSE,,activities/2416265147.fit.gz
2269792723,"Apr 3, 2019, 12:17:25 AM",Evening Activity,Elliptical,,1512,0,41,FALSE,,activities/2416265451.fit.gz
2269792791,"Apr 3, 2019, 7:38:37 PM",Afternoon Run,Run,,663,1.61,5,FALSE,,activities/2416265636.fit.gz
2269793249,"Apr 3, 2019, 7:50:43 PM",Activity,Run,,979,3.22,24,FALSE,,activities/2416265904.fit.gz
2293905410,"Apr 11, 2019, 12:30:44 PM",Morning Run,Run,,1397,4.09,61,FALSE,,activities/2441439151.fit.gz
2293905472,"Apr 12, 2019, 9:54:33 PM",Afternoon Run,Run,,1721,5.49,89,FALSE,,activities/2441439313.fit.gz
2293905940,"Apr 15, 2019, 9:42:56 PM",Afternoon Run,Run,,958,3.25,41,FALSE,,activities/2441440069.fit.gz
2293906198,"Apr 12, 2019, 10:24:31 PM",Afternoon Activity,Elliptical,,1276,0,37,FALSE,,activities/2441439567.fit.gz
2293906222,"Apr 15, 2019, 10:04:46 PM",Afternoon Activity,Elliptical,,2995,0,74,FALSE,,activities/2441440358.fit.gz
2293906235,"Apr 13, 2019, 5:05:04 PM",Lunch Run,Run,,1183,3.74,41,FALSE,,activities/2441439726.fit.gz
2293906689,"Apr 13, 2019, 5:35:37 PM",Lunch Activity,Elliptical,,1893,0,44,FALSE,,activities/2441439952.fit.gz
2295406877,"Apr 16, 2019, 9:39:55 PM",Afternoon Activity,Elliptical,,3279,0,40,FALSE,,activities/2442991108.fit.gz
2295407004,"Apr 16, 2019, 10:35:10 PM",Afternoon Activity,Stair-Stepper,,771,0,16,FALSE,,activities/2442991254.fit.gz
2297803308,"Apr 17, 2019, 8:48:29 PM",Afternoon Run,Run,,812,2.42,12,FALSE,,activities/2445471906.fit.gz
2297883123,"Apr 17, 2019, 9:08:37 PM",Afternoon Activity,Elliptical,,2501,0,86,FALSE,,activities/2445554552.fit.gz
2297918680,"Apr 17, 2019, 9:54:04 PM",Afternoon Run,Run,,1125,1.6,3,FALSE,,activities/2445592548.fit.gz
2300519691,"Apr 18, 2019, 9:55:15 PM",Afternoon Activity,Elliptical,,1969,0,53,FALSE,,activities/2448294443.fit.gz
2300520795,"Apr 18, 2019, 10:30:04 PM",Afternoon Ride,Ride,,835,0,18,FALSE,,activities/2448295599.fit.gz
2303366883,"Apr 19, 2019, 10:32:54 PM",Afternoon Activity,Elliptical,,2198,0,38,FALSE,,activities/2451278702.fit.gz
2310425228,"Apr 22, 2019, 3:18:06 PM",Morning Activity,Elliptical,,2048,0,52,FALSE,,activities/2458695992.fit.gz
2339174651,"May 3, 2019, 6:10:33 PM",Afternoon Run,Run,,672,2.08,21,FALSE,,activities/2488781938.fit.gz
2339241398,"May 3, 2019, 6:23:13 PM",Afternoon Activity,Elliptical,,2113,0,86,FALSE,,activities/2488851037.fit.gz
2345416681,"May 5, 2019, 11:57:59 PM",Evening Swim,Swim,,1957,975,,FALSE,,activities/2495324829.fit.gz
2347173673,"May 6, 2019, 5:33:48 PM",Lunch Run,Run,,534,1.86,6,FALSE,,activities/2497170039.fit.gz
2347173961,"May 6, 2019, 5:44:02 PM",Lunch Activity,Elliptical,,2089,0,76,FALSE,,activities/2497170332.fit.gz
2348530236,"May 6, 2019, 11:27:11 PM",Evening Swim,Swim,,718,350,,FALSE,,activities/2498585543.fit.gz
2352568882,"May 8, 2019, 9:34:49 PM",Afternoon Activity,Elliptical,,775,0,24,FALSE,,activities/2502766314.fit.gz
2355266816,"May 10, 2019, 12:37:17 AM",Evening Activity,Elliptical,,2711,0,105,FALSE,,activities/2505553160.fit.gz
2356756173,"May 10, 2019, 5:12:03 PM",Lunch Activity,Elliptical,,1948,0,55,FALSE,,activities/2507090529.fit.gz
2357294007,"May 10, 2019, 10:29:10 PM",Afternoon Ride,Ride,,2965,0,93,FALSE,,activities/2507649162.fit.gz
2358667597,"May 11, 2019, 12:24:59 PM",Morning Activity,Elliptical,,2092,0,54,FALSE,,activities/2509077560.fit.gz
2363194320,"May 12, 2019, 11:40:43 PM",Evening Activity,Stair-Stepper,,914,0,2,FALSE,,activities/2513808905.fit.gz
2363214875,"May 12, 2019, 11:57:28 PM",Evening Activity,Elliptical,,1257,0,44,FALSE,,activities/2513830458.fit.gz
2364737767,"May 13, 2019, 4:57:42 PM",Lunch Activity,Elliptical,,2703,0,82,FALSE,,activities/2515414977.fit.gz
2370765460,"May 15, 2019, 8:16:03 PM",Afternoon Run,Run,,1026,3.22,13,FALSE,,activities/2521617902.fit.gz
2370789360,"May 15, 2019, 8:35:53 PM",Afternoon Run,Run,,598,1.62,12,FALSE,,activities/2521642697.fit.gz
2373402590,"May 16, 2019, 8:15:20 PM",Afternoon Activity,Elliptical,,1966,0,54,FALSE,,activities/2524336577.fit.gz
2373417518,"May 16, 2019, 8:50:09 PM",Afternoon Run,Run,,479,1.63,13,FALSE,,activities/2524351861.fit.gz
2377361464,"May 18, 2019, 1:29:08 PM",Morning Ride,Ride,,3093,0,78,FALSE,,activities/2528428417.fit.gz
2383957847,"May 20, 2019, 10:59:56 PM",Afternoon Ride,Ride,,2733,0,68,FALSE,,activities/2535258887.fit.gz
2392767914,"May 24, 2019, 12:23:05 AM",Evening Run,Run,,1744,5.49,107,FALSE,,activities/2544304686.fit.gz
2421963115,"Jun 4, 2019, 5:46:16 AM",Night Activity,Elliptical,,1493,0,47,FALSE,,activities/2574560556.fit.gz
2429630457,"Jun 6, 2019, 10:27:27 PM",Afternoon Ride,Ride,,3195,0,85,FALSE,,activities/2582459896.fit.gz
2430877200,"Jun 7, 2019, 12:24:41 PM",Morning Activity,Elliptical,,2090,0,74,FALSE,,activities/2583751991.fit.gz
2430877368,"Jun 7, 2019, 1:00:17 PM",Morning Run,Run,,1160,3.23,19,FALSE,,activities/2583752173.fit.gz
2433377536,"Jun 8, 2019, 1:29:32 PM",Morning Ride,Ride,,3167,0,65,FALSE,,activities/2586336543.fit.gz
2437903952,"Jun 9, 2019, 11:17:47 PM",Evening Activity,Elliptical,,2547,0,51,FALSE,,activities/2591053074.fit.gz
2437914634,"Jun 10, 2019, 12:00:31 AM",Evening Activity,Stair-Stepper,,636,0,13,FALSE,,activities/2591064505.fit.gz
2437928513,"Jun 10, 2019, 12:13:17 AM",Evening Run,Run,,721,2.03,32,FALSE,,activities/2591079280.fit.gz
2442722022,"Jun 11, 2019, 8:58:38 PM",Afternoon Run,Run,,1675,4.85,76,FALSE,,activities/2596024949.fit.gz
2444467871,"Jun 12, 2019, 2:42:58 PM",Morning Run,Run,,4345,8.05,99,FALSE,,activities/2597828530.fit.gz
2448060679,"Jun 13, 2019, 10:28:30 PM",Afternoon Ride,Ride,,3087,0,72,FALSE,,activities/2601533327.fit.gz
2449626839,"Jun 13, 2019, 11:23:24 PM",Evening Run,Run,,1022,3.24,30,FALSE,,activities/2603148904.fit.gz
2449626971,"Jun 13, 2019, 11:40:46 PM",Evening Run,Run,,494,0.89,3,FALSE,,activities/2603149012.fit.gz
2451882342,"Jun 15, 2019, 1:39:45 PM",Morning Run,Run,,1103,3.23,61,FALSE,,activities/2605488691.fit.gz
2451970463,"Jun 15, 2019, 2:01:41 PM",Morning Run,Run,,1430,3.36,77,FALSE,,activities/2605579576.fit.gz
2457141764,"Jun 17, 2019, 10:44:14 AM",Morning Run,Run,,1464,4.87,90,FALSE,,activities/2610964287.fit.gz
2458874015,"Jun 17, 2019, 10:55:15 PM",Afternoon Ride,Ride,,2970,0,81,FALSE,,activities/2612742605.fit.gz
2474851707,"Jun 21, 2019, 8:38:13 PM",Afternoon Run,Run,,1775,4.88,42,FALSE,,activities/2629290367.fit.gz
2474851843,"Jun 21, 2019, 9:14:49 PM",Afternoon Run,Run,,163,0.5,1,FALSE,,activities/2629290587.fit.gz
2474852400,"Jun 21, 2019, 10:29:08 PM",Afternoon Ride,Ride,,2867,0,40,FALSE,,activities/2629291126.fit.gz
2474853678,"Jun 23, 2019, 3:36:30 PM",Morning Run,Run,,4975,12.88,259,FALSE,,activities/2629292706.fit.gz
2474875207,"Jun 18, 2019, 10:54:34 AM",Morning Run,Run,,1047,2.91,54,FALSE,,activities/2629288778.fit.gz
2474875530,"Jun 19, 2019, 4:53:05 PM",Lunch Run,Run,,2676,8.15,158,FALSE,,activities/2629289383.fit.gz
2474875614,"Jun 20, 2019, 10:47:57 AM",Morning Run,Run,,525,1.74,16,FALSE,,activities/2629289582.fit.gz
2474875803,"Jun 20, 2019, 10:59:05 AM",Morning Activity,Elliptical,,1478,0,32,FALSE,,activities/2629289863.fit.gz
2477997071,"Jun 24, 2019, 10:55:49 PM",Afternoon Ride,Ride,,3015,0,49,FALSE,,activities/2632556407.fit.gz
2478907716,"Jun 25, 2019, 10:38:18 AM",Morning Run,Run,,1665,4.88,72,FALSE,,activities/2633497491.fit.gz
2481703524,"Jun 26, 2019, 10:32:13 AM",Morning Run,Run,,2164,6.5,113,FALSE,,activities/2636359021.fit.gz
2484408649,"Jun 27, 2019, 10:44:48 AM",Morning Run,Run,,1457,4.98,45,FALSE,,activities/2639129209.fit.gz
2490655090,"Jun 29, 2019, 6:21:14 PM",Afternoon Run,Run,,878,2.38,25,FALSE,,activities/2645569350.fit.gz
2493465112,"Jun 30, 2019, 7:00:56 PM",Afternoon Run,Run,,416,1.16,2,FALSE,,activities/2648573829.fit.gz
2496204276,"Jul 1, 2019, 8:24:43 PM",Afternoon Run,Run,,1632,4.87,44,FALSE,,activities/2651474036.fit.gz
2497376425,"Jul 2, 2019, 10:03:44 AM",Morning Run,Run,,1454,5.27,52,FALSE,,activities/2652691667.fit.gz
2503329394,"Jul 4, 2019, 12:10:40 PM",Morning Run,Run,,2061,6.46,124,FALSE,,activities/2658799761.fit.gz
2503348892,"Jul 4, 2019, 12:46:42 PM",Morning Walk,Walk,,414,0.41,5,FALSE,,activities/2658819754.fit.gz
2503486819,"Jul 4, 2019, 1:37:33 PM",Morning Run,Run,,553,1.61,19,FALSE,,activities/2658959934.fit.gz
2506680249,"Jul 5, 2019, 4:58:48 PM",Lunch Run,Run,,1048,3.24,29,FALSE,,activities/2662245990.fit.gz
2509094191,"Jul 6, 2019, 1:32:59 PM",Morning Run,Run,,4066,9.7,128,FALSE,,activities/2664673902.fit.gz
2515969153,"Jul 8, 2019, 10:16:09 PM",Afternoon Run,Run,,3857,11.27,150,FALSE,,activities/2671641447.fit.gz
2518130494,"Jul 9, 2019, 5:21:53 PM",Lunch Run,Run,,1785,4.84,47,FALSE,,activities/2673792152.fit.gz
2522734913,"Jul 11, 2019, 10:02:40 AM",Morning Run,Run,,1482,5.45,73,FALSE,,activities/2678471909.fit.gz
2525643979,"Jul 12, 2019, 12:08:15 PM",Morning Run,Run,,2288,6.45,84,FALSE,,activities/2681496190.fit.gz
2528203560,"Jul 13, 2019, 11:45:57 AM",Morning Run,Run,,2487,6.86,122,FALSE,,activities/2684165008.fit.gz
2529160571,"Jul 13, 2019, 12:39:27 PM",Morning Run,Run,,628,1.61,12,FALSE,,activities/2685146185.fit.gz
2533013043,"Jul 15, 2019, 12:30:33 AM",Evening Run,Run,,1268,3.6,38,FALSE,,activities/2689144363.fit.gz
2533025346,"Jul 15, 2019, 12:56:12 AM",Evening Run,Run,,495,1.63,19,FALSE,,activities/2689156864.fit.gz
2534563166,"Jul 15, 2019, 4:58:40 PM",Lunch Run,Run,,1267,3.23,38,FALSE,,activities/2690745081.fit.gz
2534592828,"Jul 15, 2019, 5:28:01 PM",Lunch Run,Run,,153,0.5,7,FALSE,,activities/2690774869.fit.gz
2534632361,"Jul 15, 2019, 5:34:20 PM",Lunch Run,Run,,542,1.62,32,FALSE,,activities/2690815571.fit.gz
2534794577,"Jul 15, 2019, 5:59:59 PM",Lunch Activity,Elliptical,,1980,0,33,FALSE,,activities/2690980386.fit.gz
2549473428,"Jul 16, 2019, 9:05:34 PM",Afternoon Run,Run,,1522,4.83,37,FALSE,,activities/2706053650.fit.gz
2549473558,"Jul 17, 2019, 8:43:26 PM",Afternoon Run,Run,,1182,3.22,33,FALSE,,activities/2706053782.fit.gz
2549473589,"Jul 17, 2019, 9:08:48 PM",Afternoon Run,Run,,473,1.61,26,FALSE,,activities/2706053877.fit.gz
2549473687,"Jul 17, 2019, 9:21:20 PM",Afternoon Run,Run,,543,1.62,28,FALSE,,activities/2706053970.fit.gz
2549473812,"Jul 18, 2019, 5:11:02 PM",Lunch Run,Run,,2969,10.78,153,FALSE,,activities/2706054130.fit.gz
2549473884,"Jul 20, 2019, 9:58:39 PM",Afternoon Run,Run,,998,3.51,26,FALSE,,activities/2706054200.fit.gz
2549473972,"Jul 20, 2019, 10:21:26 PM",Afternoon Activity,Elliptical,,1019,0,6,FALSE,,activities/2706054296.fit.gz
2550877434,"Jul 21, 2019, 11:35:07 AM",Morning Run,Run,,6905,22.07,468,FALSE,,activities/2707512262.fit.gz
2563013811,"Jul 23, 2019, 10:02:42 PM",Afternoon Run,Run,,2093,6.45,105,FALSE,,activities/2720016510.fit.gz
2563014148,"Jul 24, 2019, 7:23:44 PM",Afternoon Run,Run,,1673,4.84,63,FALSE,,activities/2720016835.fit.gz
2563014194,"Jul 24, 2019, 8:03:17 PM",Afternoon Run,Run,,147,0.49,6,FALSE,,activities/2720016923.fit.gz
2563014907,"Jul 25, 2019, 4:47:51 PM",Lunch Run,Run,,4041,11.28,215,FALSE,,activities/2720017635.fit.gz
2575699512,"Jul 28, 2019, 11:07:37 PM",Evening Run,Run,,6316,16.11,222,FALSE,,activities/2733152029.fit.gz
2577121026,"Jul 30, 2019, 11:21:08 PM",Evening Run,Run,,2142,6.45,90,FALSE,,activities/2734609502.fit.gz
2578360574,"Jul 31, 2019, 11:36:02 AM",Morning Run,Run,,4283,11.27,178,FALSE,,activities/2735913229.fit.gz
2584391948,"Aug 2, 2019, 11:09:18 AM",Morning Run,Run,,2113,6.47,86,FALSE,,activities/2742128051.fit.gz
2596943021,"Aug 6, 2019, 8:24:01 PM",Afternoon Run,Run,,2205,6.47,73,FALSE,,activities/2755494081.fit.gz
2601452861,"Aug 8, 2019, 1:06:04 AM",Evening Run,Run,,2426,8.44,120,FALSE,,activities/2760175981.fit.gz
2601453136,"Aug 8, 2019, 1:50:20 AM",Evening Activity,Elliptical,,1566,0,36,FALSE,,activities/2760176198.fit.gz
2602843881,"Aug 8, 2019, 9:32:23 PM",Afternoon Run,Run,,1925,6.72,69,FALSE,,activities/2761603526.fit.gz
2602899985,"Aug 8, 2019, 10:10:11 PM",Afternoon Activity,Elliptical,,1817,0,50,FALSE,,activities/2761661163.fit.gz
2605385847,"Aug 9, 2019, 10:29:25 PM",Afternoon Ride,Ride,,2893,0,17,FALSE,,activities/2764250016.fit.gz
2614064204,"Aug 11, 2019, 3:10:24 PM",Morning Run,Run,,7982,14.64,274,FALSE,,activities/2773317433.fit.gz
2614064472,"Aug 11, 2019, 5:24:02 PM",Lunch Run,Run,,1944,5.91,125,FALSE,,activities/2773317790.fit.gz
2614064582,"Aug 13, 2019, 12:02:55 AM",Evening Run,Run,,1378,3.68,17,FALSE,,activities/2773317904.fit.gz
2614064902,"Aug 13, 2019, 12:33:57 AM",Evening Activity,Elliptical,,2091,0,31,FALSE,,activities/2773318228.fit.gz
2619416270,"Aug 14, 2019, 7:52:03 PM",Afternoon Run,Run,,2427,7.79,126,FALSE,,activities/2778870659.fit.gz
2631380955,"Aug 16, 2019, 7:29:33 PM",Afternoon Run,Run,,2345,7.33,113,FALSE,,activities/2791335079.fit.gz
2631381052,"Aug 16, 2019, 8:11:03 PM",Afternoon Activity,Elliptical,,790,0,14,FALSE,,activities/2791335202.fit.gz
2631381105,"Aug 17, 2019, 1:14:23 PM",Morning Run,Run,,711,1.97,14,FALSE,,activities/2791335287.fit.gz
2631381200,"Aug 17, 2019, 1:29:18 PM",Morning Run,Run,,566,1.65,21,FALSE,,activities/2791335377.fit.gz
2631381242,"Aug 17, 2019, 1:44:57 PM",Morning Run,Run,,627,1.86,11,FALSE,,activities/2791335433.fit.gz
2631381487,"Aug 17, 2019, 2:30:07 PM",Morning Ride,Ride,,4436,0,37,FALSE,,activities/2791335716.fit.gz
2631381771,"Aug 18, 2019, 2:58:01 PM",Morning Run,Run,,8958,24.17,385,FALSE,,activities/2791336025.fit.gz
2636773656,"Aug 20, 2019, 10:13:23 PM",Afternoon Run,Run,,1967,6.84,116,FALSE,,activities/2796967314.fit.gz
2636803172,"Aug 20, 2019, 10:51:44 PM",Afternoon Activity,Stair-Stepper,,647,0,33,FALSE,,activities/2796997211.fit.gz
2639982558,"Aug 21, 2019, 11:57:18 PM",Evening Run,Run,,2155,6.46,77,FALSE,,activities/2800296263.fit.gz
2639999127,"Aug 22, 2019, 12:35:33 AM",Evening Run,Run,,503,1.63,21,FALSE,,activities/2800314158.fit.gz
2641813863,"Aug 22, 2019, 4:56:22 PM",Lunch Run,Run,,534,1.63,9,FALSE,,activities/2802211266.fit.gz
2644867007,"Aug 23, 2019, 5:59:28 PM",Afternoon Run,Run,,2648,6.45,81,FALSE,,activities/2805379968.fit.gz
2646972070,"Aug 24, 2019, 1:01:46 PM",Morning Activity,Elliptical,,2076,0,31,FALSE,,activities/2807588714.fit.gz
2651552671,"Aug 25, 2019, 8:15:40 PM",Afternoon Run,Run,,760,2.16,13,FALSE,,activities/2812364234.fit.gz
2651767460,"Aug 25, 2019, 8:29:51 PM",Afternoon Run,Run,,7862,20.92,425,FALSE,,activities/2812584929.fit.gz
2655386074,"Aug 27, 2019, 10:01:31 AM",Morning Run,Run,,1512,4.86,60,FALSE,,activities/2816390186.fit.gz
2659675431,"Aug 28, 2019, 4:57:59 PM",Lunch Run,Run,,4440,12.9,117,FALSE,,activities/2820820854.fit.gz
2663213950,"Aug 28, 2019, 10:26:32 PM",Afternoon Ride,Ride,,3390,0,36,FALSE,,activities/2824483993.fit.gz
2663214254,"Aug 29, 2019, 5:55:43 PM",Lunch Run,Run,,2493,8.11,156,FALSE,,activities/2824484294.fit.gz
2685947601,"Aug 30, 2019, 10:27:07 PM",Afternoon Ride,Ride,,3049,0,31,FALSE,,activities/2848086228.fit.gz
2685948162,"Aug 31, 2019, 11:35:48 AM",Morning Run,Run,,6137,19.41,312,FALSE,,activities/2848086782.fit.gz
2685948378,"Sep 2, 2019, 3:07:46 PM",Morning Run,Run,,1626,4.83,62,FALSE,,activities/2848086982.fit.gz
2685948481,"Sep 3, 2019, 10:52:14 AM",Morning Run,Run,,2507,8.92,99,FALSE,,activities/2848087140.fit.gz
2685948989,"Sep 4, 2019, 9:29:49 PM",Afternoon Run,Run,,4857,14.49,271,FALSE,,activities/2848087574.fit.gz
2685949087,"Sep 5, 2019, 10:52:31 AM",Morning Run,Run,,1496,5.31,60,FALSE,,activities/2848087686.fit.gz
2685949167,"Sep 5, 2019, 11:20:02 AM",Morning Activity,Elliptical,,1010,0,24,FALSE,,activities/2848087774.fit.gz
2685949408,"Sep 6, 2019, 10:27:19 PM",Afternoon Ride,Ride,,2943,0,11,FALSE,,activities/2848088042.fit.gz
2687639308,"Sep 7, 2019, 11:46:11 AM",Morning Run,Run,,10435,28.98,577,FALSE,,activities/2849857021.fit.gz
2694599049,"Sep 9, 2019, 9:37:01 PM",Afternoon Run,Run,,1487,5.11,55,FALSE,,activities/2857114537.fit.gz
2694622198,"Sep 9, 2019, 10:07:03 PM",Afternoon Run,Run,,480,1.69,24,FALSE,,activities/2857139378.fit.gz
2694665398,"Sep 9, 2019, 10:18:06 PM",Afternoon Activity,Elliptical,,1279,0,31,FALSE,,activities/2857183882.fit.gz
2695768254,"Sep 10, 2019, 10:47:37 AM",Morning Run,Run,,1497,5.26,70,FALSE,,activities/2858350879.fit.gz
2695815178,"Sep 10, 2019, 11:15:17 AM",Morning Activity,Elliptical,,913,0,28,FALSE,,activities/2858398520.fit.gz
2697791526,"Sep 10, 2019, 10:58:37 PM",Afternoon Ride,Ride,,3037,0,32,FALSE,,activities/2860404944.fit.gz
2700597720,"Sep 11, 2019, 10:12:30 PM",Afternoon Activity,Elliptical,,3611,0,41,FALSE,,activities/2863306412.fit.gz
2700629914,"Sep 11, 2019, 11:14:27 PM",Evening Run,Run,,875,2.16,13,FALSE,,activities/2863339494.fit.gz
2702660378,"Sep 12, 2019, 5:29:58 PM",Lunch Run,Run,,234,0.72,6,FALSE,,activities/2865446523.fit.gz
2703390054,"Sep 12, 2019, 10:07:32 PM",Afternoon Run,Run,,2543,8.53,116,FALSE,,activities/2866185868.fit.gz
2703487708,"Sep 12, 2019, 10:56:41 PM",Afternoon Activity,Elliptical,,2789,0,39,FALSE,,activities/2866284225.fit.gz
2705733854,"Sep 13, 2019, 8:18:06 PM",Afternoon Activity,Elliptical,,2390,0,10,FALSE,,activities/2868613019.fit.gz
2715102309,"Sep 14, 2019, 12:34:56 PM",Morning Run,Run,,8204,22.54,371,FALSE,,activities/2878377355.fit.gz
2715102610,"Sep 15, 2019, 4:44:10 PM",Lunch Activity,Elliptical,,3610,0,13,FALSE,,activities/2878377749.fit.gz
2715198357,"Sep 17, 2019, 12:04:50 AM",Evening Run,Run,,2505,8.86,106,FALSE,,activities/2878480367.fit.gz
2715201095,"Sep 17, 2019, 12:47:06 AM",Evening Run,Run,,107,0.2,1,FALSE,,activities/2878483688.fit.gz
2715244586,"Sep 17, 2019, 12:50:04 AM",Evening Activity,Elliptical,,1728,0,20,FALSE,,activities/2878531658.fit.gz
2718136666,"Sep 17, 2019, 9:37:34 PM",Afternoon Run,Run,,4986,16.36,272,FALSE,,activities/2881507508.fit.gz
2721980942,"Sep 19, 2019, 11:31:57 AM",Morning Run,Run,,662,1.97,20,FALSE,,activities/2885498160.fit.gz
2729014440,"Sep 21, 2019, 4:09:50 PM",Lunch Run,Run,,9910,32.21,500,FALSE,,activities/2892779925.fit.gz
2732455375,"Sep 22, 2019, 11:56:35 PM",Evening Activity,Elliptical,,3610,0,15,FALSE,,activities/2896390994.fit.gz
2734424381,"Sep 23, 2019, 5:01:57 PM",Lunch Run,Run,,2473,8.71,63,FALSE,,activities/2898425583.fit.gz
2735650732,"Sep 24, 2019, 10:42:31 AM",Morning Activity,Elliptical,,2129,0,9,FALSE,,activities/2899707880.fit.gz
2739976320,"Sep 24, 2019, 10:59:02 PM",Afternoon Ride,Ride,,3070,0,58,FALSE,,activities/2904153124.fit.gz
2740300235,"Sep 26, 2019, 1:28:32 AM",Evening Run,Run,,764,2.65,21,FALSE,,activities/2904496748.fit.gz
2740371768,"Sep 26, 2019, 1:50:10 AM",Evening Activity,Elliptical,,3601,0,33,FALSE,,activities/2904578083.fit.gz
2742830871,"Sep 27, 2019, 12:24:28 AM",Evening Run,Run,,4082,13.82,190,FALSE,,activities/2907126762.fit.gz
2744705739,"Sep 27, 2019, 8:38:58 PM",Afternoon Run,Run,,1982,6.95,54,FALSE,,activities/2909058665.fit.gz
2744758593,"Sep 27, 2019, 9:16:22 PM",Afternoon Activity,Elliptical,,1914,0,12,FALSE,,activities/2909112708.fit.gz
2746990156,"Sep 28, 2019, 3:15:55 PM",Morning Run,Run,,4511,12.98,112,FALSE,,activities/2911445951.fit.gz
2747029519,"Sep 28, 2019, 4:34:33 PM",Lunch Run,Run,,614,1.72,14,FALSE,,activities/2911487073.fit.gz
2750310451,"Sep 28, 2019, 11:37:59 PM",Evening Run,Run,,1533,5.2,35,FALSE,,activities/2914915096.fit.gz
2750310725,"Sep 29, 2019, 12:06:06 AM",Evening Activity,Elliptical,,1517,0,6,FALSE,,activities/2914915364.fit.gz
2750940357,"Sep 30, 2019, 12:37:04 AM",Evening Activity,Elliptical,,2698,0,10,FALSE,,activities/2915577965.fit.gz
2752940182,"Sep 30, 2019, 8:51:04 PM",Afternoon Run,Run,,2920,9.72,90,FALSE,,activities/2917662599.fit.gz
2753092892,"Sep 30, 2019, 10:02:08 PM",Afternoon Activity,Elliptical,,3602,0,15,FALSE,,activities/2917819716.fit.gz
2754097316,"Oct 1, 2019, 10:43:30 AM",Morning Run,Run,,2579,8.95,59,FALSE,,activities/2918914188.fit.gz
2769033406,"Oct 3, 2019, 12:28:52 AM",Evening Run,Run,,4136,13.93,215,FALSE,,activities/2934437501.fit.gz
2769033523,"Oct 4, 2019, 12:22:31 AM",Evening Run,Run,,1558,5.06,59,FALSE,,activities/2934437605.fit.gz
2769033665,"Oct 4, 2019, 12:56:45 AM",Evening Activity,Elliptical,,1871,0,8,FALSE,,activities/2934437750.fit.gz
2769033999,"Oct 5, 2019, 12:18:45 PM",Morning Run,Run,,4221,12.88,114,FALSE,,activities/2934438059.fit.gz
2772809706,"Oct 7, 2019, 11:01:39 PM",Evening Run,Run,,1555,4.84,46,FALSE,,activities/2938387300.fit.gz
2774058959,"Oct 8, 2019, 11:44:51 PM",Evening Run,Run,,2040,7.34,111,FALSE,,activities/2939658510.fit.gz
2779141709,"Oct 11, 2019, 12:19:07 AM",Evening Run,Run,,1023,3.6,42,FALSE,,activities/2944938690.fit.gz
2779219429,"Oct 11, 2019, 12:50:00 AM",Evening Activity,Elliptical,,2740,0,11,FALSE,,activities/2945027011.fit.gz
2782679377,"Oct 12, 2019, 1:36:14 PM",Morning Run,Run,,1035,3.23,13,FALSE,,activities/2948721289.fit.gz
2786472725,"Oct 13, 2019, 1:38:50 PM",Morning Run,Run,,13654,42.63,786,FALSE,,activities/2952751761.fit.gz
2792891222,"Oct 15, 2019, 4:56:36 PM",Lunch Run,Run,,1077,3.21,19,FALSE,,activities/2959613447.fit.gz
2792891455,"Oct 15, 2019, 5:15:58 PM",Lunch Activity,Elliptical,,2096,0,9,FALSE,,activities/2959613678.fit.gz
2794574375,"Oct 16, 2019, 10:08:49 PM",Afternoon Activity,Elliptical,,3745,0,14,FALSE,,activities/2961346787.fit.gz
2794582591,"Oct 16, 2019, 11:12:10 PM",Evening Run,Run,,250,0.41,0,FALSE,,activities/2961355345.fit.gz
2797172493,"Oct 18, 2019, 12:02:45 AM",Evening Activity,Elliptical,,3195,0,42,FALSE,,activities/2964097310.fit.gz
2803807662,"Oct 20, 2019, 3:02:57 PM",Morning Run,Run,,1076,3.53,33,FALSE,,activities/2971225573.fit.gz
2803941727,"Oct 20, 2019, 3:29:52 PM",Morning Activity,Elliptical,,1815,0,14,FALSE,,activities/2971365892.fit.gz
2805266418,"Oct 21, 2019, 12:50:23 AM",Evening Swim,Swim,,319,150,,FALSE,,activities/2972836328.fit.gz
2809673347,"Oct 22, 2019, 10:58:34 PM",Afternoon Ride,Ride,,3052,0,54,FALSE,,activities/2977470255.fit.gz
2809721859,"Oct 23, 2019, 12:03:30 AM",Evening Activity,Elliptical,,899,0,5,FALSE,,activities/2977526772.fit.gz
2814472494,"Oct 24, 2019, 9:24:18 PM",Afternoon Run,Run,,1444,4.37,54,FALSE,,activities/2982598041.fit.gz
2814516469,"Oct 24, 2019, 9:51:03 PM",Afternoon Activity,Elliptical,,1504,0,11,FALSE,,activities/2982643657.fit.gz
2823749381,"Oct 27, 2019, 9:23:02 PM",Afternoon Activity,Elliptical,,6323,0,34,FALSE,,activities/2992700075.fit.gz
2823749517,"Oct 27, 2019, 11:09:45 PM",Evening Run,Run,,1004,1.82,2,FALSE,,activities/2992700234.fit.gz
2827355311,"Oct 29, 2019, 11:19:16 PM",Evening Run,Run,,848,2.31,21,FALSE,,activities/2996551599.fit.gz
2828445569,"Oct 29, 2019, 11:34:50 PM",Evening Activity,Elliptical,,5116,0,59,FALSE,,activities/2997816354.fit.gz
2829745247,"Oct 30, 2019, 10:59:47 PM",Afternoon Run,Run,,1577,4.91,32,FALSE,,activities/2999158985.fit.gz
2832037816,"Oct 30, 2019, 11:28:35 PM",Evening Activity,Elliptical,,3167,0,55,FALSE,,activities/3001681792.fit.gz
2843560121,"Nov 3, 2019, 1:28:21 PM",Morning Run,Run,,5752,15.08,226,FALSE,,activities/3014526484.fit.gz
2843560372,"Nov 4, 2019, 10:30:43 PM",Afternoon Activity,Elliptical,,1832,0,10,FALSE,,activities/3014526852.fit.gz
2843560493,"Nov 4, 2019, 11:01:42 PM",Afternoon Activity,Elliptical,,544,0,2,FALSE,,activities/3014527001.fit.gz
2843560633,"Nov 4, 2019, 11:11:49 PM",Afternoon Run,Run,,931,1.97,1,FALSE,,activities/3014527166.fit.gz
2844351333,"Nov 6, 2019, 1:40:39 AM",Evening Activity,Elliptical,,2703,0,29,FALSE,,activities/3015394154.fit.gz
2850968046,"Nov 8, 2019, 11:28:28 PM",Afternoon Activity,Elliptical,,3002,0,31,FALSE,,activities/3023126975.fit.gz
2856553978,"Nov 11, 2019, 1:32:58 AM",Evening Activity,Elliptical,,3602,0,50,FALSE,,activities/3029397255.fit.gz
2858830012,"Nov 12, 2019, 1:42:58 AM",Evening Activity,Elliptical,,3898,0,31,FALSE,,activities/3031977717.fit.gz
2862886303,"Nov 13, 2019, 7:05:36 PM",Afternoon Activity,Elliptical,,3902,0,95,FALSE,,activities/3036914993.fit.gz
2866887721,"Nov 15, 2019, 4:54:56 PM",Morning Activity,Elliptical,,3553,0,102,FALSE,,activities/3041842234.fit.gz
2869479563,"Nov 16, 2019, 5:24:48 PM",Lunch Activity,Elliptical,,2698,0,56,FALSE,,activities/3044935848.fit.gz
2873033581,"Nov 18, 2019, 12:57:01 AM",Evening Activity,Elliptical,,2927,0,25,FALSE,,activities/3049126743.fit.gz
2875201704,"Nov 19, 2019, 1:26:33 AM",Evening Run,Run,,2278,7.25,63,FALSE,,activities/3051776768.fit.gz
2875250231,"Nov 19, 2019, 2:06:28 AM",Evening Activity,Elliptical,,3175,0,74,FALSE,,activities/3051839623.fit.gz
2879840090,"Nov 20, 2019, 10:50:33 PM",Afternoon Run,Run,,1436,5.25,84,FALSE,,activities/3057382498.fit.gz
2879841412,"Nov 20, 2019, 11:15:01 PM",Afternoon Run,Run,,30,0.05,1,FALSE,,activities/3057383935.fit.gz
2879914446,"Nov 20, 2019, 11:16:23 PM",Afternoon Activity,Elliptical,,2717,0,111,FALSE,,activities/3057463856.fit.gz
2882315730,"Nov 22, 2019, 1:31:11 AM",Evening Activity,Elliptical,,2650,0,61,FALSE,,activities/3060606045.fit.gz
2883622369,"Nov 22, 2019, 5:35:23 PM",Lunch Activity,Elliptical,,3600,0,87,FALSE,,activities/3062374197.fit.gz
2889479626,"Nov 25, 2019, 12:16:21 AM",Evening Run,Run,,1458,5.58,68,FALSE,,activities/3069752704.fit.gz
2889534490,"Nov 25, 2019, 12:49:56 AM",Evening Activity,Elliptical,,3600,0,114,FALSE,,activities/3069828216.fit.gz
2897331254,"Nov 27, 2019, 9:54:26 PM",Afternoon Activity,Elliptical,,2402,0,47,FALSE,,activities/3079754301.fit.gz
2897555139,"Nov 28, 2019, 3:32:45 PM",Morning Activity,Elliptical,,3620,0,87,FALSE,,activities/3080015618.fit.gz
2904992176,"Nov 30, 2019, 1:19:10 PM",Morning Activity,Elliptical,,3410,0,70,FALSE,,activities/3088954554.fit.gz
2906171135,"Dec 2, 2019, 12:50:17 AM",Evening Activity,Elliptical,,3951,0,92,FALSE,,activities/3090421637.fit.gz
2909845209,"Dec 4, 2019, 2:01:53 AM",Evening Activity,Elliptical,,3612,0,78,FALSE,,activities/3094739155.fit.gz
2909863380,"Dec 4, 2019, 3:04:44 AM",Night Activity,Stair-Stepper,,1280,0,7,FALSE,,activities/3094760905.fit.gz
2914165506,"Dec 6, 2019, 1:34:01 AM",Evening Activity,Elliptical,,3703,0,77,FALSE,,activities/3099862803.fit.gz
2914176882,"Dec 6, 2019, 2:37:46 AM",Evening Activity,Stair-Stepper,,788,0,2,FALSE,,activities/3099876682.fit.gz
2920911235,"Dec 8, 2019, 10:56:09 PM",Afternoon Activity,Elliptical,,3599,0,78,FALSE,,activities/3107752968.fit.gz
2920933710,"Dec 8, 2019, 11:57:48 PM",Afternoon Activity,Stair-Stepper,,1277,0,33,FALSE,,activities/3107780495.fit.gz
2920949640,"Dec 9, 2019, 12:19:55 AM",Evening Run,Run,,1070,1.75,4,FALSE,,activities/3107800797.fit.gz
2925291966,"Dec 11, 2019, 1:36:12 AM",Evening Activity,Elliptical,,3748,0,86,FALSE,,activities/3112900969.fit.gz
2925310298,"Dec 11, 2019, 2:40:29 AM",Evening Activity,Stair-Stepper,,1264,0,3,FALSE,,activities/3112923137.fit.gz
2925322740,"Dec 11, 2019, 3:03:55 AM",Night Run,Run,,932,1.91,2,FALSE,,activities/3112938155.fit.gz
2927419641,"Dec 12, 2019, 1:59:08 AM",Evening Activity,Stair-Stepper,,1245,0,32,FALSE,,activities/3115385788.fit.gz
2927467915,"Dec 12, 2019, 2:21:44 AM",Evening Activity,Elliptical,,3605,0,60,FALSE,,activities/3115444406.fit.gz
2937001890,"Dec 15, 2019, 12:39:20 AM",Evening Activity,Stair-Stepper,,1330,0,55,FALSE,,activities/3126525932.fit.gz
2937002105,"Dec 15, 2019, 1:03:15 AM",Evening Activity,Elliptical,,3637,0,107,FALSE,,activities/3126526314.fit.gz
2937002341,"Dec 15, 2019, 9:13:30 PM",Afternoon Activity,Elliptical,,3901,0,33,FALSE,,activities/3126526833.fit.gz
2937992753,"Dec 17, 2019, 2:07:19 AM",Evening Activity,Stair-Stepper,,1416,0,4,FALSE,,activities/3127650435.fit.gz
2938035854,"Dec 17, 2019, 2:34:05 AM",Evening Activity,Elliptical,,3674,0,86,FALSE,,activities/3127702088.fit.gz
2938045199,"Dec 17, 2019, 3:36:22 AM",Night Run,Run,,859,1.17,2,FALSE,,activities/3127713649.fit.gz
2939948571,"Dec 17, 2019, 11:04:02 PM",Afternoon Activity,Stair-Stepper,,645,0,19,FALSE,,activities/3129886450.fit.gz
2940037343,"Dec 17, 2019, 11:16:42 PM",Afternoon Activity,Elliptical,,3601,0,32,FALSE,,activities/3129987915.fit.gz
2944186508,"Dec 19, 2019, 1:51:04 AM",Evening Activity,Stair-Stepper,,1502,0,71,FALSE,,activities/3134782265.fit.gz
2944186682,"Dec 19, 2019, 2:17:52 AM",Evening Activity,Elliptical,,3602,0,70,FALSE,,activities/3134782474.fit.gz
2944186738,"Dec 19, 2019, 3:18:55 AM",Night Run,Run,,734,1.09,2,FALSE,,activities/3134782512.fit.gz
2944186806,"Dec 19, 2019, 8:47:09 PM",Afternoon Activity,Stair-Stepper,,1034,0,5,FALSE,,activities/3134782618.fit.gz
2944186910,"Dec 19, 2019, 9:05:35 PM",Afternoon Activity,Elliptical,,3001,0,76,FALSE,,activities/3134782789.fit.gz
2946977175,"Dec 21, 2019, 1:39:42 PM",Morning Activity,Elliptical,,3318,0,103,FALSE,,activities/3137996308.fit.gz
2947018060,"Dec 21, 2019, 2:42:12 PM",Morning Activity,Elliptical,,667,0,15,FALSE,,activities/3138042171.fit.gz
2949995215,"Dec 22, 2019, 6:50:49 PM",Lunch Activity,Elliptical,,4853,0,93,FALSE,,activities/3141423263.fit.gz
2951822862,"Dec 23, 2019, 6:16:34 PM",Afternoon Run,Run,,2019,5.43,44,FALSE,,activities/3143550418.fit.gz
2957902504,"Dec 26, 2019, 2:54:15 PM",Morning Activity,Elliptical,,3445,0,69,FALSE,,activities/3150582670.fit.gz
2960407422,"Dec 27, 2019, 3:52:00 PM",Morning Activity,Elliptical,,3857,0,82,FALSE,,activities/3153476832.fit.gz
2963793691,"Dec 28, 2019, 9:54:45 PM",Afternoon Activity,Elliptical,,3644,0,115,FALSE,,activities/3157313795.fit.gz
2976852502,"Jan 2, 2020, 10:35:05 PM",Afternoon Activity,Stair-Stepper,,740,0,2,FALSE,,activities/3172193851.fit.gz
2978592630,"Jan 2, 2020, 10:48:48 PM",Afternoon Run,Run,,2117,7.07,59,FALSE,,activities/3174176531.fit.gz
2978593585,"Jan 2, 2020, 11:26:05 PM",Afternoon Activity,Elliptical,,2927,0,74,FALSE,,activities/3174177590.fit.gz
2982359000,"Jan 4, 2020, 8:36:11 PM",Afternoon Run,Run,,1514,5.09,64,FALSE,,activities/3178411084.fit.gz
2982484044,"Jan 4, 2020, 9:02:33 PM",Afternoon Activity,Elliptical,,3603,0,131,FALSE,,activities/3178556842.fit.gz
2982508716,"Jan 4, 2020, 10:05:09 PM",Afternoon Activity,Stair-Stepper,,607,0,28,FALSE,,activities/3178585189.fit.gz
2986028207,"Jan 5, 2020, 11:02:33 PM",Afternoon Activity,Elliptical,,3678,0,27,FALSE,,activities/3182558448.fit.gz
2991975793,"Jan 7, 2020, 11:58:58 PM",Afternoon Ride,Ride,,2980,0,36,FALSE,,activities/3189296590.fit.gz
2994759972,"Jan 9, 2020, 1:46:06 AM",Evening Run,Run,,1711,6.53,72,FALSE,,activities/3192421447.fit.gz
2994783936,"Jan 9, 2020, 2:20:52 AM",Evening Activity,Stair-Stepper,,905,0,53,FALSE,,activities/3192449121.fit.gz
2994841593,"Jan 9, 2020, 2:38:34 AM",Evening Activity,Elliptical,,3572,0,75,FALSE,,activities/3192518214.fit.gz
2997524585,"Jan 10, 2020, 1:31:55 AM",Evening Run,Run,,2171,7.35,62,FALSE,,activities/3195553213.fit.gz
2997558170,"Jan 10, 2020, 2:19:08 AM",Evening Activity,Stair-Stepper,,1143,0,59,FALSE,,activities/3195593008.fit.gz
2997592060,"Jan 10, 2020, 2:42:12 AM",Evening Activity,Elliptical,,1884,0,36,FALSE,,activities/3195632166.fit.gz
3002926054,"Jan 11, 2020, 9:57:23 PM",Afternoon Activity,Elliptical,,3781,0,29,FALSE,,activities/3201603668.fit.gz
3006524839,"Jan 12, 2020, 10:33:37 PM",Afternoon Run,Run,,3643,13.83,170,FALSE,,activities/3205597726.fit.gz
3006547584,"Jan 12, 2020, 11:39:42 PM",Afternoon Activity,Stair-Stepper,,724,0,36,FALSE,,activities/3205624611.fit.gz
3006587213,"Jan 12, 2020, 11:54:04 PM",Afternoon Activity,Elliptical,,1801,0,42,FALSE,,activities/3205670934.fit.gz
3010309136,"Jan 14, 2020, 1:43:55 AM",Evening Run,Run,,1505,4.73,26,FALSE,,activities/3209867381.fit.gz
3010309298,"Jan 14, 2020, 2:10:47 AM",Evening Activity,Stair-Stepper,,903,0,37,FALSE,,activities/3209867566.fit.gz
3010309814,"Jan 14, 2020, 2:27:58 AM",Evening Activity,Elliptical,,3660,0,55,FALSE,,activities/3209868103.fit.gz
3012013144,"Jan 14, 2020, 11:42:51 PM",Afternoon Run,Run,,422,1.65,5,FALSE,,activities/3211739464.fit.gz
3012129324,"Jan 14, 2020, 11:58:00 PM",Afternoon Ride,Ride,,2652,0,43,FALSE,,activities/3211871158.fit.gz
3012221158,"Jan 15, 2020, 12:48:49 AM",Evening Activity,Elliptical,,3077,0,65,FALSE,,activities/3211973347.fit.gz
3023530405,"Jan 16, 2020, 1:47:45 AM",Evening Run,Run,,1640,6.23,101,FALSE,,activities/3224668118.fit.gz
3023530695,"Jan 16, 2020, 2:25:33 AM",Evening Activity,Elliptical,,2892,0,80,FALSE,,activities/3224668475.fit.gz
3023530854,"Jan 17, 2020, 11:04:54 PM",Afternoon Activity,Elliptical,,1973,0,10,FALSE,,activities/3224668769.fit.gz
3023530914,"Jan 17, 2020, 11:42:24 PM",Afternoon Run,Run,,278,0.91,6,FALSE,,activities/3224668921.fit.gz
3023531159,"Jan 17, 2020, 11:48:24 PM",Afternoon Activity,Elliptical,,1508,0,18,FALSE,,activities/3224669123.fit.gz
3023531363,"Jan 18, 2020, 7:59:17 PM",Afternoon Activity,Elliptical,,3607,0,51,FALSE,,activities/3224669459.fit.gz
3023531461,"Jan 18, 2020, 9:02:41 PM",Afternoon Activity,Stair-Stepper,,901,0,24,FALSE,,activities/3224669569.fit.gz
3027844004,"Jan 20, 2020, 1:08:56 AM",Evening Activity,Elliptical,,3854,0,39,FALSE,,activities/3229501962.fit.gz
3029561977,"Jan 21, 2020, 2:02:50 AM",Evening Run,Run,,2580,9.89,119,FALSE,,activities/3231401170.fit.gz
3029579916,"Jan 21, 2020, 2:51:46 AM",Evening Activity,Stair-Stepper,,901,0,46,FALSE,,activities/3231423334.fit.gz
3032491815,"Jan 22, 2020, 1:56:54 AM",Evening Run,Run,,2094,7.36,115,FALSE,,activities/3234665598.fit.gz
3032511800,"Jan 22, 2020, 2:34:41 AM",Evening Activity,Stair-Stepper,,918,0,51,FALSE,,activities/3234688412.fit.gz
3032547620,"Jan 22, 2020, 2:52:07 AM",Evening Activity,Elliptical,,1805,0,49,FALSE,,activities/3234729103.fit.gz
3036305209,"Jan 23, 2020, 11:32:17 AM",Morning Activity,Elliptical,,3903,0,27,FALSE,,activities/3238928643.fit.gz
3040326129,"Jan 24, 2020, 11:33:03 PM",Afternoon Ride,Ride,,2770,0,53,FALSE,,activities/3243413817.fit.gz
3043218417,"Jan 25, 2020, 9:00:36 PM",Afternoon Activity,Elliptical,,3728,0,29,FALSE,,activities/3246626505.fit.gz
3043823451,"Jan 25, 2020, 10:04:24 PM",Afternoon Activity,Stair-Stepper,,964,0,24,FALSE,,activities/3247329533.fit.gz
3049615341,"Jan 28, 2020, 1:45:39 AM",Evening Run,Run,,3339,12.24,175,FALSE,,activities/3253806244.fit.gz
3049676632,"Jan 28, 2020, 2:50:06 AM",Evening Activity,Elliptical,,3602,0,46,FALSE,,activities/3253880789.fit.gz
3052545299,"Jan 29, 2020, 2:00:20 AM",Evening Activity,Elliptical,,3676,0,36,FALSE,,activities/3257127968.fit.gz
3058199102,"Jan 31, 2020, 2:12:59 AM",Evening Run,Run,,2004,7.13,84,FALSE,,activities/3263589009.fit.gz
3058218620,"Jan 31, 2020, 2:48:26 AM",Evening Activity,Stair-Stepper,,908,0,51,FALSE,,activities/3263611103.fit.gz
3058249899,"Jan 31, 2020, 3:05:46 AM",Night Activity,Elliptical,,2102,0,55,FALSE,,activities/3263647117.fit.gz
3066744723,"Feb 2, 2020, 8:22:00 PM",Afternoon Run,Run,,2295,6.48,55,FALSE,,activities/3273158386.fit.gz
3069839980,"Feb 4, 2020, 1:52:25 AM",Evening Run,Run,,3453,12.07,203,FALSE,,activities/3276645564.fit.gz
3069860187,"Feb 4, 2020, 2:57:39 AM",Evening Activity,Stair-Stepper,,903,0,53,FALSE,,activities/3276668605.fit.gz
3069883689,"Feb 4, 2020, 3:15:39 AM",Night Activity,Elliptical,,1522,0,26,FALSE,,activities/3276696388.fit.gz
3072761991,"Feb 5, 2020, 1:56:30 AM",Evening Activity,Elliptical,,3904,0,25,FALSE,,activities/3279886911.fit.gz
3075645656,"Feb 6, 2020, 2:02:43 AM",Evening Run,Run,,1219,4.02,42,FALSE,,activities/3283100768.fit.gz
3075667899,"Feb 6, 2020, 2:28:46 AM",Evening Activity,Stair-Stepper,,899,0,47,FALSE,,activities/3283125435.fit.gz
3078444607,"Feb 7, 2020, 2:24:21 AM",Evening Activity,Elliptical,,1201,0,4,FALSE,,activities/3286218985.fit.gz
3078477891,"Feb 7, 2020, 2:47:23 AM",Evening Run,Run,,1860,6.44,85,FALSE,,activities/3286256823.fit.gz
3080700067,"Feb 7, 2020, 11:12:10 PM",Afternoon Run,Run,,1311,4.57,30,FALSE,,activities/3288732715.fit.gz
3080780832,"Feb 7, 2020, 11:35:29 PM",Afternoon Activity,Elliptical,,3000,0,17,FALSE,,activities/3288823389.fit.gz
3085997386,"Feb 9, 2020, 3:00:45 PM",Morning Ride,Ride,,2908,0,15,FALSE,,activities/3294602323.fit.gz
3092038965,"Feb 11, 2020, 10:27:03 PM",Afternoon Run,Run,,2051,6.45,57,FALSE,,activities/3301359098.fit.gz
3129111412,"Feb 14, 2020, 1:56:25 AM",Evening Run,Run,,3804,13.1,211,FALSE,,activities/3342768781.fit.gz
3129111698,"Feb 14, 2020, 3:02:19 AM",Night Activity,Elliptical,,2331,0,49,FALSE,,activities/3342769089.fit.gz
3129112130,"Feb 15, 2020, 1:34:18 AM",Evening Activity,Elliptical,,2701,0,25,FALSE,,activities/3342769538.fit.gz
3129112432,"Feb 15, 2020, 6:11:06 PM",Lunch Activity,Elliptical,,1932,0,23,FALSE,,activities/3342769862.fit.gz
3129112704,"Feb 15, 2020, 6:44:24 PM",Lunch Run,Run,,1884,6.44,12,FALSE,,activities/3342770195.fit.gz
3129113024,"Feb 17, 2020, 1:13:37 AM",Evening Activity,Elliptical,,1908,0,11,FALSE,,activities/3342770457.fit.gz
3129113376,"Feb 19, 2020, 2:05:20 AM",Evening Run,Run,,3540,12.88,86,FALSE,,activities/3342770916.fit.gz
3129113729,"Feb 20, 2020, 5:23:35 PM",Morning Run,Run,,1524,3.71,19,FALSE,,activities/3342771258.fit.gz
3129113918,"Feb 22, 2020, 10:44:17 PM",Afternoon Run,Run,,1524,5.3,47,FALSE,,activities/3342771506.fit.gz
3129620306,"Feb 25, 2020, 1:52:25 AM",Evening Run,Run,,526,1.82,13,FALSE,,activities/3343337175.fit.gz
3129688273,"Feb 25, 2020, 2:04:45 AM",Evening Activity,Elliptical,,3650,0,61,FALSE,,activities/3343413695.fit.gz
3129699403,"Feb 25, 2020, 3:07:37 AM",Night Activity,Stair-Stepper,,664,0,9,FALSE,,activities/3343426835.fit.gz
3133276959,"Feb 25, 2020, 10:35:11 PM",Afternoon Run,Run,,46683,8.5,215,FALSE,,activities/3347385806.fit.gz
3135131137,"Feb 26, 2020, 11:33:32 AM",Morning Activity,Elliptical,,3634,0,33,FALSE,,activities/3349424824.fit.gz
3137948638,"Feb 28, 2020, 1:57:13 AM",Evening Run,Run,,3000,10.76,88,FALSE,,activities/3352562618.fit.gz
3137977061,"Feb 28, 2020, 2:58:15 AM",Evening Activity,Stair-Stepper,,1270,0,47,FALSE,,activities/3352594875.fit.gz
3138000188,"Feb 28, 2020, 3:22:08 AM",Night Activity,Elliptical,,1517,0,29,FALSE,,activities/3352622343.fit.gz
3143430035,"Mar 1, 2020, 1:15:31 AM",Evening Activity,Elliptical,,3622,0,23,FALSE,,activities/3358678672.fit.gz
3143441814,"Mar 1, 2020, 2:17:25 AM",Evening Activity,Stair-Stepper,,602,0,6,FALSE,,activities/3358691964.fit.gz
3148993386,"Mar 2, 2020, 10:28:42 PM",Afternoon Activity,Elliptical,,1907,0,8,FALSE,,activities/3364886321.fit.gz
3155323543,"Mar 5, 2020, 2:04:15 AM",Evening Run,Run,,942,2.79,21,FALSE,,activities/3371904339.fit.gz
3155323840,"Mar 5, 2020, 2:20:58 AM",Evening Activity,Elliptical,,3601,0,96,FALSE,,activities/3371904654.fit.gz
3158007200,"Mar 6, 2020, 1:45:05 AM",Evening Run,Run,,1605,5.63,82,FALSE,,activities/3374869011.fit.gz
3158027077,"Mar 6, 2020, 2:18:12 AM",Evening Activity,Stair-Stepper,,602,0,34,FALSE,,activities/3374892542.fit.gz
3158061776,"Mar 6, 2020, 2:29:54 AM",Evening Activity,Elliptical,,1843,0,46,FALSE,,activities/3374933079.fit.gz
3163341479,"Mar 7, 2020, 8:12:11 PM",Afternoon Run,Run,,3304,6.92,63,FALSE,,activities/3380798062.fit.gz
3169612797,"Mar 9, 2020, 9:19:39 PM",Afternoon Run,Run,,1887,6.44,89,FALSE,,activities/3387751670.fit.gz
3170178026,"Mar 9, 2020, 9:54:23 PM",Afternoon Activity,Elliptical,,1889,0,56,FALSE,,activities/3388394772.fit.gz
3172467802,"Mar 10, 2020, 9:43:08 PM",Afternoon Run,Run,,599,2.09,4,FALSE,,activities/3390905980.fit.gz
3172602269,"Mar 10, 2020, 9:56:34 PM",Afternoon Activity,Elliptical,,3302,0,55,FALSE,,activities/3391055693.fit.gz
3175545694,"Mar 11, 2020, 9:45:04 PM",Afternoon Run,Run,,1930,5.82,117,FALSE,,activities/3394292265.fit.gz
3180706572,"Mar 13, 2020, 9:48:23 PM",Afternoon Run,Run,,4169,8.05,46,FALSE,,activities/3400000325.fit.gz
3187434702,"Mar 15, 2020, 11:42:46 PM",Evening Activity,Elliptical,,3594,0,45,FALSE,,activities/3407505300.fit.gz
3187446830,"Mar 16, 2020, 12:44:49 AM",Evening Activity,Stair-Stepper,,638,0,3,FALSE,,activities/3407519406.fit.gz
3189028726,"Mar 16, 2020, 5:27:07 PM",Lunch Activity,Elliptical,,2403,0,33,FALSE,,activities/3409260582.fit.gz
3198831049,"Mar 19, 2020, 9:41:00 PM",Afternoon Activity,Elliptical,,3600,0,88,FALSE,,activities/3419814750.fit.gz